timestamp,term,method,metric,median_ms,min_ms,max_ms,total
2026-10-06T16:57:56.744Z,"Windpark",vorher,liste_sichtbar,2518,2448,3620,796
2026-10-06T16:57:56.744Z,"Windpark",vorher,alles_fertig,2518,2448,3620,796
2026-10-06T16:57:56.744Z,"Windpark",jetzt,liste_sichtbar,65,56,163,796
2026-10-06T16:57:56.744Z,"Windpark",jetzt,alles_fertig,123,117,365,796
2026-10-06T16:57:56.744Z,"Bebauungsplan",vorher,liste_sichtbar,2512,2509,2523,18860
2026-10-06T16:57:56.744Z,"Bebauungsplan",vorher,alles_fertig,2512,2509,2523,18860
2026-10-06T16:57:56.744Z,"Bebauungsplan",jetzt,liste_sichtbar,53,48,85,18860
2026-10-06T16:57:56.744Z,"Bebauungsplan",jetzt,alles_fertig,97,95,128,18860
2026-10-06T16:57:56.744Z,"Kita",vorher,liste_sichtbar,2474,2464,2479,4909
2026-10-06T16:57:56.744Z,"Kita",vorher,alles_fertig,2474,2464,2479,4909
2026-10-06T16:57:56.744Z,"Kita",jetzt,liste_sichtbar,51,46,52,4909
2026-10-06T16:57:56.744Z,"Kita",jetzt,alles_fertig,91,84,91,4909
2026-10-06T16:57:56.744Z,"Haushalt",vorher,liste_sichtbar,2592,2522,2600,27646
2026-10-06T16:57:56.744Z,"Haushalt",vorher,alles_fertig,2592,2522,2600,27646
2026-10-06T16:57:56.744Z,"Haushalt",jetzt,liste_sichtbar,70,46,123,27646
2026-10-06T16:57:56.744Z,"Haushalt",jetzt,alles_fertig,157,81,165,27646
2026-10-06T16:57:56.744Z,"Radweg",vorher,liste_sichtbar,2629,2599,3063,2237
2026-10-06T16:57:56.744Z,"Radweg",vorher,alles_fertig,2629,2599,3063,2237
2026-10-06T16:57:56.744Z,"Radweg",jetzt,liste_sichtbar,50,49,102,2237
2026-10-06T16:57:56.744Z,"Radweg",jetzt,alles_fertig,88,87,142,2237
2026-10-06T16:57:56.744Z,"Schule",vorher,liste_sichtbar,2588,2583,2596,26150
2026-10-06T16:57:56.744Z,"Schule",vorher,alles_fertig,2588,2583,2596,26150
2026-10-06T16:57:56.744Z,"Schule",jetzt,liste_sichtbar,45,42,64,26150
2026-10-06T16:57:56.744Z,"Schule",jetzt,alles_fertig,78,75,100,26150
2026-10-06T16:57:56.744Z,"Photovoltaik",vorher,liste_sichtbar,2547,2522,2579,2011
2026-10-06T16:57:56.744Z,"Photovoltaik",vorher,alles_fertig,2547,2522,2579,2011
2026-10-06T16:57:56.744Z,"Photovoltaik",jetzt,liste_sichtbar,44,43,46,2011
2026-10-06T16:57:56.744Z,"Photovoltaik",jetzt,alles_fertig,84,83,95,2011
2026-10-06T16:57:56.744Z,"Feuerwehr",vorher,liste_sichtbar,2555,2549,2559,13390
2026-10-06T16:57:56.744Z,"Feuerwehr",vorher,alles_fertig,2555,2549,2559,13390
2026-10-06T16:57:56.744Z,"Feuerwehr",jetzt,liste_sichtbar,38,36,46,13390
2026-10-06T16:57:56.744Z,"Feuerwehr",jetzt,alles_fertig,68,66,79,13390
2026-10-06T16:57:56.744Z,"Windkraft oder Solar",vorher,liste_sichtbar,2829,2796,2886,2258
2026-10-06T16:57:56.744Z,"Windkraft oder Solar",vorher,alles_fertig,2829,2796,2886,2258
2026-10-06T16:57:56.744Z,"Windkraft oder Solar",jetzt,liste_sichtbar,171,45,171,2258
2026-10-06T16:57:56.744Z,"Windkraft oder Solar",jetzt,alles_fertig,2891,2658,2898,2258
2026-10-06T16:57:56.744Z,"Gewerbegebiet",vorher,liste_sichtbar,2549,2538,2556,2415
2026-10-06T16:57:56.744Z,"Gewerbegebiet",vorher,alles_fertig,2549,2538,2556,2415
2026-10-06T16:57:56.744Z,"Gewerbegebiet",jetzt,liste_sichtbar,43,43,252,2415
2026-10-06T16:57:56.744Z,"Gewerbegebiet",jetzt,alles_fertig,85,79,296,2415
