timestamp,label,term,token_cards,band,run,first_hit_ms,hits_20_ms,end_ms,hits,has_more,chunks
2026-10-06T15:40:03.565Z,frequency-baseline,selektions,1,1-1,1,1698,1698,2103,1,false,1
2026-10-06T15:40:03.565Z,frequency-baseline,selektions,1,1-1,2,530,530,855,1,false,1
2026-10-06T15:40:03.565Z,frequency-baseline,veitsbronner,1,1-1,1,137,137,779,1,false,1
2026-10-06T15:40:03.565Z,frequency-baseline,veitsbronner,1,1-1,2,137,137,778,1,false,1
2026-10-06T15:40:03.565Z,frequency-baseline,kokolores,1,1-1,1,132,132,822,1,false,1
2026-10-06T15:40:03.565Z,frequency-baseline,kokolores,1,1-1,2,145,145,791,1,false,1
2026-10-06T15:40:03.565Z,frequency-baseline,ennigerheide,1,1-1,1,265,265,877,1,false,1
2026-10-06T15:40:03.565Z,frequency-baseline,ennigerheide,1,1-1,2,321,321,926,1,false,1
2026-10-06T15:40:03.565Z,frequency-baseline,reterra,2,2-2,1,83,528,841,2,false,2
2026-10-06T15:40:03.565Z,frequency-baseline,reterra,2,2-2,2,82,525,840,2,false,2
2026-10-06T15:40:03.565Z,frequency-baseline,worthsee,2,2-2,1,211,211,866,9,false,1
2026-10-06T15:40:03.565Z,frequency-baseline,worthsee,2,2-2,2,676,676,1494,9,false,1
2026-10-06T15:40:03.565Z,frequency-baseline,rinderfeld,2,2-2,1,20,149,149,20,true,2
2026-10-06T15:40:03.565Z,frequency-baseline,rinderfeld,2,2-2,2,23,194,194,20,true,2
2026-10-06T15:40:03.565Z,frequency-baseline,kastnerstrasse,2,2-2,1,243,743,786,2,false,2
2026-10-06T15:40:03.565Z,frequency-baseline,kastnerstrasse,2,2-2,2,236,729,772,2,false,2
2026-10-06T15:40:03.565Z,frequency-baseline,varreler,4,3-5,1,245,788,788,4,false,3
2026-10-06T15:40:03.565Z,frequency-baseline,varreler,4,3-5,2,237,784,784,4,false,3
2026-10-06T15:40:03.565Z,frequency-baseline,fotoaufnahmen,3,3-5,1,312,569,862,3,false,3
2026-10-06T15:40:03.565Z,frequency-baseline,fotoaufnahmen,3,3-5,2,775,1029,1325,3,false,3
2026-10-06T15:40:03.565Z,frequency-baseline,kehrtwende,3,3-5,1,77,372,791,3,false,3
2026-10-06T15:40:03.565Z,frequency-baseline,kehrtwende,3,3-5,2,77,368,788,3,false,3
2026-10-06T15:40:03.565Z,frequency-baseline,pestalozzistr,4,3-5,1,79,361,361,20,true,4
2026-10-06T15:40:03.565Z,frequency-baseline,pestalozzistr,4,3-5,2,74,460,460,20,true,4
2026-10-06T15:40:03.565Z,frequency-baseline,pfraundorf,9,6-10,1,207,942,942,11,false,6
2026-10-06T15:40:03.565Z,frequency-baseline,pfraundorf,9,6-10,2,252,903,903,11,false,6
2026-10-06T15:40:03.565Z,frequency-baseline,erinnerns,7,6-10,1,424,1402,1402,7,false,5
2026-10-06T15:40:03.565Z,frequency-baseline,erinnerns,7,6-10,2,84,884,884,7,false,5
2026-10-06T15:40:03.565Z,frequency-baseline,seebach,10,6-10,1,84,545,648,20,true,5
2026-10-06T15:40:03.565Z,frequency-baseline,seebach,10,6-10,2,97,555,655,20,true,5
2026-10-06T15:40:03.565Z,frequency-baseline,freigestellter,10,6-10,1,90,514,811,6,false,3
2026-10-06T15:40:03.565Z,frequency-baseline,freigestellter,10,6-10,2,78,502,799,6,false,3
2026-10-06T15:40:03.565Z,frequency-baseline,unserem,12,11-24,1,43,794,841,11,false,8
2026-10-06T15:40:03.565Z,frequency-baseline,unserem,12,11-24,2,47,790,836,11,false,8
2026-10-06T15:40:03.565Z,frequency-baseline,winnweiler,13,11-24,1,496,796,796,7,false,4
2026-10-06T15:40:03.565Z,frequency-baseline,winnweiler,13,11-24,2,498,794,794,7,false,4
2026-10-06T15:40:03.565Z,frequency-baseline,ubernachtungen,20,11-24,1,13,763,763,20,true,5
2026-10-06T15:40:03.565Z,frequency-baseline,ubernachtungen,20,11-24,2,14,757,757,20,true,5
2026-10-06T15:40:03.565Z,frequency-baseline,restsanierung,12,11-24,1,341,1011,1011,12,false,4
2026-10-06T15:40:03.565Z,frequency-baseline,restsanierung,12,11-24,2,263,846,846,12,false,4
2026-10-06T15:40:03.565Z,frequency-baseline,kommlingen,36,25-50,1,43,789,789,20,true,6
2026-10-06T15:40:03.565Z,frequency-baseline,kommlingen,36,25-50,2,42,815,815,20,true,6
2026-10-06T15:40:03.565Z,frequency-baseline,bauablauf,35,25-50,1,78,504,523,20,true,5
2026-10-06T15:40:03.565Z,frequency-baseline,bauablauf,35,25-50,2,79,494,512,20,true,5
2026-10-06T15:40:03.565Z,frequency-baseline,hydranten,43,25-50,1,12,262,286,20,true,6
2026-10-06T15:40:03.565Z,frequency-baseline,hydranten,43,25-50,2,12,261,282,20,true,6
2026-10-06T15:40:03.565Z,frequency-baseline,kandidaten,48,25-50,1,78,345,345,20,true,4
2026-10-06T15:40:03.565Z,frequency-baseline,kandidaten,48,25-50,2,74,334,334,20,true,4
2026-10-06T15:40:03.565Z,frequency-baseline,witzenhausen,53,51-100,1,43,90,90,20,true,3
2026-10-06T15:40:03.565Z,frequency-baseline,witzenhausen,53,51-100,2,40,84,84,20,true,3
2026-10-06T15:40:03.565Z,frequency-baseline,gelandes,100,51-100,1,19,86,86,20,true,4
2026-10-06T15:40:03.565Z,frequency-baseline,gelandes,100,51-100,2,18,75,75,20,true,4
2026-10-06T15:40:03.565Z,frequency-baseline,suche,58,51-100,1,15,40,40,20,true,3
2026-10-06T15:40:03.565Z,frequency-baseline,suche,58,51-100,2,13,30,30,20,true,3
2026-10-06T15:40:03.565Z,frequency-baseline,silvester,94,51-100,1,19,89,89,20,true,4
2026-10-06T15:40:03.565Z,frequency-baseline,silvester,94,51-100,2,28,90,90,20,true,4
2026-10-06T15:40:03.565Z,frequency-baseline,bohmte,152,101-200,1,43,138,138,20,true,3
2026-10-06T15:40:03.565Z,frequency-baseline,bohmte,152,101-200,2,44,137,137,20,true,3
2026-10-06T15:40:03.565Z,frequency-baseline,bargstedt,108,101-200,1,78,134,135,20,true,2
2026-10-06T15:40:03.565Z,frequency-baseline,bargstedt,108,101-200,2,75,131,131,20,true,2
2026-10-06T15:40:03.565Z,frequency-baseline,niederdorf,122,101-200,1,85,150,150,20,true,2
2026-10-06T15:40:03.565Z,frequency-baseline,niederdorf,122,101-200,2,82,145,145,20,true,2
2026-10-06T15:40:03.565Z,frequency-baseline,zavelstein,130,101-200,1,28,354,354,20,true,3
2026-10-06T15:40:03.565Z,frequency-baseline,zavelstein,130,101-200,2,29,353,353,20,true,3
2026-10-06T15:40:03.565Z,frequency-baseline,damit,378,201-500,1,13,99,99,20,true,6
2026-10-06T15:40:03.565Z,frequency-baseline,damit,378,201-500,2,11,91,91,20,true,6
2026-10-06T15:40:03.565Z,frequency-baseline,bewilligung,478,201-500,1,21,57,57,20,true,4
2026-10-06T15:40:03.565Z,frequency-baseline,bewilligung,478,201-500,2,11,42,42,20,true,4
2026-10-06T15:40:03.565Z,frequency-baseline,rheine,309,201-500,1,30,70,70,20,true,3
2026-10-06T15:40:03.565Z,frequency-baseline,rheine,309,201-500,2,28,64,64,20,true,3
2026-10-06T15:40:03.565Z,frequency-baseline,befreiungen,223,201-500,1,12,74,74,20,true,5
2026-10-06T15:40:03.565Z,frequency-baseline,befreiungen,223,201-500,2,12,68,68,20,true,5
