timestamp,term,run,first_hit_ms,list_done_ms,all_ms,total,known,total_in_first_line,hits_in_first_page
2026-10-06T17:08:46.420Z,"Bebauungsplan",1,980,980,1142,18860,yes,18860,20
2026-10-06T17:08:46.420Z,"Flächennutzungsplan",1,71,71,121,7054,yes,7054,20
2026-10-06T17:08:46.420Z,"Baugebiet",1,263,263,399,2370,yes,2370,20
2026-10-06T17:08:46.420Z,"Neubau",1,95,95,276,14654,yes,14654,20
2026-10-06T17:08:46.420Z,"Sanierung",1,76,76,128,15745,yes,15745,20
2026-10-06T17:08:46.420Z,"Abriss",1,239,564,613,560,yes,560,20
2026-10-06T17:08:46.420Z,"Wohnungsbau",1,64,64,196,1637,yes,1637,20
2026-10-06T17:08:46.420Z,"Gewerbegebiet",1,58,58,197,2415,yes,2415,20
2026-10-06T17:08:46.420Z,"Kreisverkehr",1,57,241,373,417,yes,417,20
2026-10-06T17:08:46.420Z,"Radweg",1,67,67,115,2237,yes,2237,20
2026-10-06T17:08:46.420Z,"Brücke",1,118,118,3849,5195,yes,,20
2026-10-06T17:08:46.420Z,"Straßenbau",1,278,320,451,1063,yes,1063,20
2026-10-06T17:08:46.420Z,"Parkplatz",1,65,89,138,2113,yes,2113,20
2026-10-06T17:08:46.420Z,"Spielplatz",1,262,262,310,3143,yes,3143,20
2026-10-06T17:08:46.420Z,"Friedhof",1,62,62,110,5255,yes,5255,20
2026-10-06T17:08:46.420Z,"Sporthalle",1,65,77,306,1426,yes,1426,20
2026-10-06T17:08:46.420Z,"Schwimmbad",1,62,171,321,604,yes,604,20
2026-10-06T17:08:46.420Z,"Turnhalle",1,71,91,140,929,yes,929,20
2026-10-06T17:08:46.420Z,"Bibliothek",1,224,251,2745,640,yes,,20
2026-10-06T17:08:46.420Z,"Rathaus",1,315,321,505,2367,yes,2367,20
2026-10-06T17:08:46.420Z,"Kita",1,65,65,214,4909,yes,4909,20
2026-10-06T17:08:46.420Z,"Kindergarten",1,64,64,110,3625,yes,3625,20
2026-10-06T17:08:46.420Z,"Grundschule",1,70,70,287,6649,yes,6649,20
2026-10-06T17:08:46.420Z,"Schule",1,87,87,214,26150,yes,26150,20
2026-10-06T17:08:46.420Z,"Schulbau",1,97,97,121,296,yes,,20
2026-10-06T17:08:46.420Z,"Ganztag",1,160,160,380,2740,yes,2740,20
2026-10-06T17:08:46.420Z,"Jugendhilfe",1,75,75,205,8342,yes,8342,20
2026-10-06T17:08:46.420Z,"Seniorenheim",1,44,44,151,71,yes,,20
2026-10-06T17:08:46.420Z,"Pflege",1,61,61,187,4773,yes,4773,20
2026-10-06T17:08:46.420Z,"Flüchtlinge",1,57,473,612,307,yes,307,20
2026-10-06T17:08:46.420Z,"Integration",1,67,67,215,8270,yes,8270,20
2026-10-06T17:08:46.420Z,"Jugendzentrum",1,72,126,263,260,yes,260,20
2026-10-06T17:08:46.420Z,"Musikschule",1,57,76,211,663,yes,663,20
2026-10-06T17:08:46.420Z,"Volkshochschule",1,57,92,226,502,yes,502,20
2026-10-06T17:08:46.420Z,"Windpark",1,58,85,128,796,yes,796,20
2026-10-06T17:08:46.420Z,"Windkraft",1,151,184,228,634,yes,634,20
2026-10-06T17:08:46.420Z,"Photovoltaik",1,67,78,207,2011,yes,2011,20
2026-10-06T17:08:46.420Z,"Solar",1,47,67,2331,1628,yes,,20
2026-10-06T17:08:46.420Z,"Wärmeplanung",1,279,279,423,2214,yes,2214,20
2026-10-06T17:08:46.420Z,"Klimaschutz",1,64,64,109,10380,yes,10380,20
2026-10-06T17:08:46.420Z,"Wärmepumpe",1,163,163,269,172,yes,,20
2026-10-06T17:08:46.420Z,"Fernwärme",1,74,74,184,283,yes,,20
2026-10-06T17:08:46.420Z,"Hochwasser",1,39,83,2459,946,yes,,20
2026-10-06T17:08:46.420Z,"Starkregen",1,101,101,214,458,yes,,20
2026-10-06T17:08:46.420Z,"Biogas",1,62,62,172,206,yes,,20
2026-10-06T17:08:46.420Z,"Glasfaser",1,254,311,446,1130,yes,1130,20
2026-10-06T17:08:46.420Z,"Breitband",1,46,89,2429,668,yes,,20
2026-10-06T17:08:46.420Z,"Streuobstwiese",1,72,72,183,77,yes,,20
2026-10-06T17:08:46.420Z,"Naturschutz",1,243,243,376,1819,yes,1819,20
2026-10-06T17:08:46.420Z,"Baumschutz",1,69,69,181,261,yes,,20
2026-10-06T17:08:46.420Z,"Trinkwasser",1,127,127,243,786,yes,,20
2026-10-06T17:08:46.420Z,"Abwasser",1,185,185,321,5360,yes,5360,20
2026-10-06T17:08:46.420Z,"Abfall",1,76,76,124,1620,yes,1620,20
2026-10-06T17:08:46.420Z,"ÖPNV",1,146,198,333,895,yes,895,20
2026-10-06T17:08:46.420Z,"Buslinie",1,92,92,116,235,yes,,20
2026-10-06T17:08:46.420Z,"Bahnhof",1,148,148,288,2876,yes,2876,20
2026-10-06T17:08:46.420Z,"Verkehrskonzept",1,91,91,204,448,yes,,20
2026-10-06T17:08:46.420Z,"Tempo 30",1,25,58,2365,933,unknown,,20
2026-10-06T17:08:46.420Z,"Carsharing",1,193,193,218,184,yes,,20
2026-10-06T17:08:46.420Z,"Lastenrad",1,34,34,55,27,yes,,20
2026-10-06T17:08:46.420Z,"Ladeinfrastruktur",1,277,445,583,279,yes,279,20
2026-10-06T17:08:46.420Z,"Parkgebühren",1,79,79,102,276,yes,,20
2026-10-06T17:08:46.420Z,"Haushalt",1,102,102,259,27646,yes,27646,20
2026-10-06T17:08:46.420Z,"Haushaltssatzung",1,66,66,212,5851,yes,5851,20
2026-10-06T17:08:46.420Z,"Gebühren",1,74,74,125,7258,yes,7258,20
2026-10-06T17:08:46.420Z,"Gewerbesteuer",1,144,218,356,538,yes,538,20
2026-10-06T17:08:46.420Z,"Grundsteuer",1,62,73,117,787,yes,787,20
2026-10-06T17:08:46.420Z,"Satzung",1,177,177,228,30148,yes,30148,20
2026-10-06T17:08:46.420Z,"Stellenplan",1,63,63,196,1769,yes,1769,20
2026-10-06T17:08:46.420Z,"Jahresabschluss",1,68,68,210,8869,yes,8869,20
2026-10-06T17:08:46.420Z,"Fördermittel",1,61,72,116,1242,yes,1242,20
2026-10-06T17:08:46.420Z,"Kreisumlage",1,203,203,312,145,yes,,20
2026-10-06T17:08:46.420Z,"Verwaltung",1,107,107,2385,59617,yes,,20
2026-10-06T17:08:46.420Z,"Bürgermeister",1,463,464,516,27854,yes,27854,20
2026-10-06T17:08:46.420Z,"Gemeinderat",1,154,154,289,151493,yes,151493,20
2026-10-06T17:08:46.420Z,"Feuerwehr",1,61,61,108,13390,yes,13390,20
2026-10-06T17:08:46.420Z,"Rettungsdienst",1,78,244,378,286,yes,286,20
2026-10-06T17:08:46.420Z,"Weihnachtsmarkt",1,60,87,141,509,yes,509,20
2026-10-06T17:08:46.420Z,"Stadtfest",1,240,240,267,210,yes,,20
2026-10-06T17:08:46.420Z,"Tourismus",1,73,73,126,10879,yes,10879,20
2026-10-06T17:08:46.420Z,"Wochenmarkt",1,241,241,266,234,yes,,20
2026-10-06T17:08:46.420Z,"Digitalisierung",1,65,65,196,5440,yes,5440,20
2026-10-06T17:08:46.420Z,"Datenschutz",1,47,47,155,108,yes,,20
2026-10-06T17:08:46.420Z,"Ehrenamt",1,76,76,215,4271,yes,4271,20
2026-10-06T17:08:46.420Z,"Sportverein",1,91,91,125,511,yes,,20
2026-10-06T17:08:46.420Z,"Kita Neubau",1,150,273,2374,391,unknown,,20
2026-10-06T17:08:46.420Z,"Radweg Brücke",1,140,549,1729,137,unknown,,20
2026-10-06T17:08:46.420Z,"Windpark Bürgerbeteiligung",1,914,1160,1708,1,unknown,,1
2026-10-06T17:08:46.420Z,"Schule Sanierung",1,46,57,539,1478,unknown,,20
2026-10-06T17:08:46.420Z,"Windkraft oder Solar",1,139,139,1195,2258,unknown,,20
2026-10-06T17:08:46.420Z,"Kita oder Schule",1,164,164,1225,30505,unknown,,20
2026-10-06T17:08:46.420Z,"Bebauungsplan Gewerbegebiet",1,63,82,849,1001,unknown,,20
2026-10-06T17:08:46.420Z,"Photovoltaik Freifläche",1,49,78,529,1028,unknown,,20
2026-10-06T17:08:46.420Z,"Münster",1,232,232,712,7077,yes,,20
2026-10-06T17:08:46.420Z,"Freiburg",1,27,65,613,865,yes,,20
2026-10-06T17:08:46.420Z,"Hannover",1,75,255,840,109,yes,,20
2026-10-06T17:08:46.420Z,"Kormoran",1,25,25,46,2,yes,,2
2026-10-06T17:08:46.420Z,"Biberdamm",1,23,23,52,6,yes,,6
2026-10-06T17:08:46.420Z,"Apfel",1,91,330,1159,82,yes,,20
2026-10-06T17:08:46.420Z,"Experte",1,48,48,164,24,yes,,20
2026-10-06T17:08:46.420Z,"Bebauungsplan",2,436,436,577,18860,yes,18860,20
2026-10-06T17:08:46.420Z,"Flächennutzungsplan",2,70,70,118,7054,yes,7054,20
2026-10-06T17:08:46.420Z,"Baugebiet",2,237,237,374,2370,yes,2370,20
2026-10-06T17:08:46.420Z,"Neubau",2,93,93,153,14654,yes,14654,20
2026-10-06T17:08:46.420Z,"Sanierung",2,248,248,299,15745,yes,15745,20
2026-10-06T17:08:46.420Z,"Abriss",2,60,294,445,560,yes,560,20
2026-10-06T17:08:46.420Z,"Wohnungsbau",2,62,62,202,1637,yes,1637,20
2026-10-06T17:08:46.420Z,"Gewerbegebiet",2,59,59,106,2415,yes,2415,20
2026-10-06T17:08:46.420Z,"Kreisverkehr",2,60,136,268,417,yes,417,20
2026-10-06T17:08:46.420Z,"Radweg",2,76,76,216,2237,yes,2237,20
2026-10-06T17:08:46.420Z,"Brücke",2,29,29,716,5195,yes,,20
2026-10-06T17:08:46.420Z,"Straßenbau",2,189,202,254,1063,yes,1063,20
2026-10-06T17:08:46.420Z,"Parkplatz",2,81,96,142,2113,yes,2113,20
2026-10-06T17:08:46.420Z,"Spielplatz",2,241,241,290,3143,yes,3143,20
2026-10-06T17:08:46.420Z,"Friedhof",2,69,69,118,5255,yes,5255,20
2026-10-06T17:08:46.420Z,"Sporthalle",2,150,160,307,1426,yes,1426,20
2026-10-06T17:08:46.420Z,"Schwimmbad",2,111,156,286,604,yes,604,20
2026-10-06T17:08:46.420Z,"Turnhalle",2,91,110,277,929,yes,929,20
2026-10-06T17:08:46.420Z,"Bibliothek",2,38,66,746,640,yes,,20
2026-10-06T17:08:46.420Z,"Rathaus",2,447,449,503,2367,yes,2367,20
2026-10-06T17:08:46.420Z,"Kita",2,62,62,111,4909,yes,4909,20
2026-10-06T17:08:46.420Z,"Kindergarten",2,222,222,273,3625,yes,3625,20
2026-10-06T17:08:46.420Z,"Grundschule",2,67,67,119,6649,yes,6649,20
2026-10-06T17:08:46.420Z,"Schule",2,237,237,284,26150,yes,26150,20
2026-10-06T17:08:46.420Z,"Schulbau",2,82,82,106,296,yes,,20
2026-10-06T17:08:46.420Z,"Ganztag",2,66,66,278,2740,yes,2740,20
2026-10-06T17:08:46.420Z,"Jugendhilfe",2,64,64,193,8342,yes,8342,20
2026-10-06T17:08:46.420Z,"Seniorenheim",2,43,43,158,71,yes,,20
2026-10-06T17:08:46.420Z,"Pflege",2,68,68,218,4773,yes,4773,20
2026-10-06T17:08:46.420Z,"Flüchtlinge",2,57,364,493,307,yes,307,20
2026-10-06T17:08:46.420Z,"Integration",2,63,63,108,8270,yes,8270,20
2026-10-06T17:08:46.420Z,"Jugendzentrum",2,60,184,320,260,yes,260,20
2026-10-06T17:08:46.420Z,"Musikschule",2,68,88,136,663,yes,663,20
2026-10-06T17:08:46.420Z,"Volkshochschule",2,138,176,242,502,yes,502,20
2026-10-06T17:08:46.420Z,"Windpark",2,178,204,253,796,yes,796,20
2026-10-06T17:08:46.420Z,"Windkraft",2,55,86,131,634,yes,634,20
2026-10-06T17:08:46.420Z,"Photovoltaik",2,232,242,288,2011,yes,2011,20
2026-10-06T17:08:46.420Z,"Solar",2,41,54,1038,1628,yes,,20
2026-10-06T17:08:46.420Z,"Wärmeplanung",2,178,178,398,2214,yes,2214,20
2026-10-06T17:08:46.420Z,"Klimaschutz",2,79,79,125,10380,yes,10380,20
2026-10-06T17:08:46.420Z,"Wärmepumpe",2,147,147,260,172,yes,,20
2026-10-06T17:08:46.420Z,"Fernwärme",2,74,74,182,283,yes,,20
2026-10-06T17:08:46.420Z,"Hochwasser",2,49,60,610,946,yes,,20
2026-10-06T17:08:46.420Z,"Starkregen",2,78,78,189,458,yes,,20
2026-10-06T17:08:46.420Z,"Biogas",2,55,55,165,206,yes,,20
2026-10-06T17:08:46.420Z,"Glasfaser",2,166,202,247,1130,yes,1130,20
2026-10-06T17:08:46.420Z,"Breitband",2,37,67,575,668,yes,,20
2026-10-06T17:08:46.420Z,"Streuobstwiese",2,126,126,229,77,yes,,20
2026-10-06T17:08:46.420Z,"Naturschutz",2,67,67,220,1819,yes,1819,20
2026-10-06T17:08:46.420Z,"Baumschutz",2,56,56,80,261,yes,,20
2026-10-06T17:08:46.420Z,"Trinkwasser",2,92,92,201,786,yes,,20
2026-10-06T17:08:46.420Z,"Abwasser",2,124,124,265,5360,yes,5360,20
2026-10-06T17:08:46.420Z,"Abfall",2,66,66,115,1620,yes,1620,20
2026-10-06T17:08:46.420Z,"ÖPNV",2,150,170,300,895,yes,895,20
2026-10-06T17:08:46.420Z,"Buslinie",2,83,83,110,235,yes,,20
2026-10-06T17:08:46.420Z,"Bahnhof",2,229,229,367,2876,yes,2876,20
2026-10-06T17:08:46.420Z,"Verkehrskonzept",2,82,82,119,448,yes,,20
2026-10-06T17:08:46.420Z,"Tempo 30",2,143,181,1347,933,unknown,,20
2026-10-06T17:08:46.420Z,"Carsharing",2,73,73,96,184,yes,,20
2026-10-06T17:08:46.420Z,"Lastenrad",2,40,40,157,27,yes,,20
2026-10-06T17:08:46.420Z,"Ladeinfrastruktur",2,165,312,442,279,yes,279,20
2026-10-06T17:08:46.420Z,"Parkgebühren",2,65,65,89,276,yes,,20
2026-10-06T17:08:46.420Z,"Haushalt",2,96,96,234,27646,yes,27646,20
2026-10-06T17:08:46.420Z,"Haushaltssatzung",2,62,62,111,5851,yes,5851,20
2026-10-06T17:08:46.420Z,"Gebühren",2,146,146,274,7258,yes,7258,20
2026-10-06T17:08:46.420Z,"Gewerbesteuer",2,57,92,231,538,yes,538,20
2026-10-06T17:08:46.420Z,"Grundsteuer",2,61,72,198,787,yes,787,20
2026-10-06T17:08:46.420Z,"Satzung",2,93,93,225,30148,yes,30148,20
2026-10-06T17:08:46.420Z,"Stellenplan",2,68,68,115,1769,yes,1769,20
2026-10-06T17:08:46.420Z,"Jahresabschluss",2,153,153,282,8869,yes,8869,20
2026-10-06T17:08:46.420Z,"Fördermittel",2,61,72,211,1242,yes,1242,20
2026-10-06T17:08:46.420Z,"Kreisumlage",2,70,70,94,145,yes,,20
2026-10-06T17:08:46.420Z,"Verwaltung",2,104,104,1459,59617,yes,,20
2026-10-06T17:08:46.420Z,"Bürgermeister",2,325,325,481,27854,yes,27854,20
2026-10-06T17:08:46.420Z,"Gemeinderat",2,186,186,326,151493,yes,151493,20
2026-10-06T17:08:46.420Z,"Feuerwehr",2,66,66,197,13390,yes,13390,20
2026-10-06T17:08:46.420Z,"Rettungsdienst",2,77,210,345,286,yes,286,20
2026-10-06T17:08:46.420Z,"Weihnachtsmarkt",2,88,128,355,509,yes,509,20
2026-10-06T17:08:46.420Z,"Stadtfest",2,85,85,110,210,yes,,20
2026-10-06T17:08:46.420Z,"Tourismus",2,305,305,449,10879,yes,10879,20
2026-10-06T17:08:46.420Z,"Wochenmarkt",2,76,76,187,234,yes,,20
2026-10-06T17:08:46.420Z,"Digitalisierung",2,69,69,204,5440,yes,5440,20
2026-10-06T17:08:46.420Z,"Datenschutz",2,51,51,73,108,yes,,20
2026-10-06T17:08:46.420Z,"Ehrenamt",2,89,89,241,4271,yes,4271,20
2026-10-06T17:08:46.420Z,"Sportverein",2,104,104,130,511,yes,,20
2026-10-06T17:08:46.420Z,"Kita Neubau",2,209,493,1553,391,unknown,,20
2026-10-06T17:08:46.420Z,"Radweg Brücke",2,42,172,749,137,unknown,,20
2026-10-06T17:08:46.420Z,"Windpark Bürgerbeteiligung",2,1036,1291,1874,1,unknown,,1
2026-10-06T17:08:46.420Z,"Schule Sanierung",2,46,59,706,1478,unknown,,20
2026-10-06T17:08:46.420Z,"Windkraft oder Solar",2,75,75,818,2258,unknown,,20
2026-10-06T17:08:46.420Z,"Kita oder Schule",2,189,189,897,30505,unknown,,20
2026-10-06T17:08:46.420Z,"Bebauungsplan Gewerbegebiet",2,68,84,683,1001,unknown,,20
2026-10-06T17:08:46.420Z,"Photovoltaik Freifläche",2,157,194,1106,1028,unknown,,20
2026-10-06T17:08:46.420Z,"Münster",2,32,32,533,7077,yes,,20
2026-10-06T17:08:46.420Z,"Freiburg",2,144,185,663,865,yes,,20
2026-10-06T17:08:46.420Z,"Hannover",2,61,227,868,109,yes,,20
2026-10-06T17:08:46.420Z,"Kormoran",2,31,31,52,2,yes,,2
2026-10-06T17:08:46.420Z,"Biberdamm",2,107,107,324,6,yes,,6
2026-10-06T17:08:46.420Z,"Apfel",2,93,210,782,82,yes,,20
2026-10-06T17:08:46.420Z,"Experte",2,37,37,144,24,yes,,20
